,RETURN_ON_ASSET,ESG_SCORE,log_assets,RD_transformed
RETURN_ON_ASSET,1.0,0.351877633642415,-0.2991837320164351,0.1966604911831335
ESG_SCORE,0.351877633642415,1.0,-0.11449578920768423,0.12062387759423975
log_assets,-0.2991837320164351,-0.11449578920768423,1.0,-0.13367234395959654
RD_transformed,0.1966604911831335,0.12062387759423975,-0.13367234395959654,1.0
