,RETURN_ON_ASSET,ESG_SCORE,log_assets,RD_transformed
RETURN_ON_ASSET,1.0,0.3518776336424151,-0.29918373201643517,0.09216112219404148
ESG_SCORE,0.3518776336424151,1.0,-0.11449578920768425,0.03305538100785987
log_assets,-0.29918373201643517,-0.11449578920768425,1.0,-0.08698035504424666
RD_transformed,0.09216112219404148,0.03305538100785987,-0.08698035504424666,1.0
